step_number,total_chat_msgs,n_participants,avg_chat_per_participant
1,1,9,0.1111111111111111
2,5,9,0.5555555555555556
3,2,9,0.2222222222222222
4,3,9,0.3333333333333333
5,10,9,1.1111111111111112
6,6,9,0.6666666666666666
8,5,9,0.5555555555555556
9,2,9,0.2222222222222222
11,2,8,0.25
12,9,8,1.125
