group,unique_drills,total_drill_events,shannon_entropy
A,97,416,4.404153991473365
B,62,226,3.8454760924838087
